[
  {
    "icon": "fa fa-home",
    "slug": "external",
    "title": "Volver al inicio",
    "path": "index.html"
  },  
  { 
    "id": 1,
    "icon": "fa fa-file-text-o",
    "slug": "efectivo",
    "title": "1. Efectivo y equivalentes al efectivo",
    "breadcrumb": ["Inicio","Tema 1"],
    "path": "pages/1-tema.html",    
    "submenu": [
      {
        "icon": "fa fa-file-text-o",
        "slug": "efectivo",
        "title": "1.1 Política contable.",
        "anchor": "11"
      },
      {
        "icon": "fa fa-file-text-o",
        "slug": "efectivo",
        "title": "1.2 Reconocimiento, medición, presentación y revelación.",
        "anchor": "12"
      },
      {
        "icon": "fa fa-file-text-o",
        "slug": "efectivo",
        "title": "1.3 Arqueo de caja.",
        "anchor": "13"
      },
      {
        "icon": "fa fa-file-text-o",
        "slug": "efectivo",
        "title": "1.4 Conciliación Bancaria.",
        "anchor": "14"
      },
      {
        "icon": "fa fa-file-text-o",
        "slug": "efectivo",
        "title": "1.5 Ajuste por diferencia en cambio.",
        "anchor": "15"
      }
    ]
  }
]